交易日期,買/賣/股利,代號,股票,交易類別,買入股數,買入價格,賣出股數,賣出價格,現價,手續費,交易稅,成交價金,股息,買入支出,賣出收入,決策原因,手續費折數,,,,,,,,
2023/7/20,買,006208,富邦台50,ETF,30,74.82,,,102.00,1,0,"2,245",,"2,246",-,,0.28,,,,,,,,
2023/7/25,買,006208,富邦台50,ETF,30,74.50,,,102.00,1,0,"2,235",,"2,236",-,,0.28,,,,,,,,
2023/8/7,買,006208,富邦台50,ETF,28,74.17,,,102.00,1,0,"2,077",,"2,078",-,,0.28,,,,,,,,
2023/8/15,買,006208,富邦台50,ETF,29,72.17,,,102.00,1,0,"2,093",,"2,094",-,,0.28,,,,,,,,
2023/8/25,買,006208,富邦台50,ETF,29,72.33,,,102.00,1,0,"2,098",,"2,099",-,,0.28,,,,,,,,
2023/9/5,買,006208,富邦台50,ETF,28,72.99,,,102.00,1,0,"2,044",,"2,045",-,,0.28,,,,,,,,
2023/9/15,買,006208,富邦台50,ETF,29,73.39,,,102.00,1,0,"2,128",,"2,129",-,,0.28,,,,,,,,
2023/9/25,買,006208,富邦台50,ETF,30,71.34,,,102.00,1,0,"2,140",,"2,141",-,,0.28,,,,,,,,
2023/10/5,買,006208,富邦台50,ETF,33,71.26,,,102.00,1,0,"2,352",,"2,353",-,,0.28,,,,,,,,
2023/10/16,買,006208,富邦台50,ETF,32,72.85,,,102.00,1,0,"2,331",,"2,332",-,,0.28,,,,,,,,
2023/10/25,買,006208,富邦台50,ETF,33,72,,,102.00,1,0,"2,376",,"2,377",-,,0.28,,,,,,,,
2023/11/6,買,006208,富邦台50,ETF,32,73.24,,,102.00,1,0,"2,344",,"2,345",-,,0.28,,,,,,,,
2023/11/15,買,006208,富邦台50,ETF,31,75.29,,,102.00,1,0,"2,334",,"2,335",-,,0.28,,,,,,,,
2023/11/16,股利,006208,富邦台50,ETF,,,,,102.00,0,0, ,329,-,-,,0.28,,,,,,,,
2023/11/27,買,006208,富邦台50,ETF,32,74.69,,,102.00,1,0,"2,390",,"2,391",-,,0.28,,,,,,,,
2023/12/5,買,006208,富邦台50,ETF,32,74.30,,,102.00,1,0,"2,378",,"2,379",-,,0.28,,,,,,,,
2023/12/15,買,006208,富邦台50,ETF,31,76.23,,,102.00,1,0,"2,363",,"2,364",-,,0.28,,,,,,,,
2023/12/27,買,006208,富邦台50,ETF,31,76.93,,,102.00,1,0,"2,385",,"2,386",-,,0.28,,,,,,,,
2023/11/15,買,00687B,國泰20年美債,債ETF,33,30.06,,,28.58,1,0,992,,993,-,,0.28,,,,,,,,
2023/11/27,買,00687B,國泰20年美債,債ETF,33,29.56,,,28.58,1,0,975,,976,-,,0.28,,,,,,,,
2023/12/5,買,00687B,國泰20年美債,債ETF,32,30.55,,,28.58,1,0,978,,979,-,,0.28,,,,,,,,
2023/12/15,買,00687B,國泰20年美債,債ETF,31,32.21,,,28.58,1,0,999,,"1,000",-,,0.28,,,,,,,,
2023/12/18,股利,00687B,國泰20年美債,債ETF,,,,,28.58,0,0, ,35,-,-,,0.28,,,,,,,,
2023/12/27,買,00687B,國泰20年美債,債ETF,34,31.76,,,28.58,1,0,"1,080",,"1,081",-,,0.28,,,,,,,,
,,,,,,,,, , , , ,, , ,,0.28,,,,,,,,
2024/1/5,買,006208,富邦台50,ETF,31,75.47,,,102.00,1,0,"2,340",,"2,341",-,,0.28,,,,,,,,
2024/1/15,買,006208,富邦台50,ETF,39,76.04,,,102.00,1,0,"2,966",,"2,967",-,,0.28,,,,,,,,
2024/1/25,買,006208,富邦台50,ETF,37,78.97,,,102.00,1,0,"2,922",,"2,923",-,,0.28,,,,,,,,
2024/2/5,買,006208,富邦台50,ETF,37,79.36,,,102.00,1,0,"2,936",,"2,937",-,,0.28,,,,,,,,
2024/2/15,買,006208,富邦台50,ETF,36,82.91,,,102.00,1,0,"2,985",,"2,986",-,,0.28,,,,,,,,
2024/2/26,買,006208,富邦台50,ETF,35,83.96,,,102.00,1,0,"2,939",,"2,940",-,,0.28,,,,,,,,
2024/3/5,買,006208,富邦台50,ETF,34,86.59,,,102.00,1,0,"2,944",,"2,945",-,,0.28,,,,,,,,
2024/3/15,買,006208,富邦台50,ETF,33,90.01,,,102.00,1,0,"2,970",,"2,971",-,,0.28,,,,,,,,
2024/3/25,買,006208,富邦台50,ETF,32,92.17,,,102.00,1,0,"2,949",,"2,950",-,,0.28,,,,,,,,
2024/4/8,買,006208,富邦台50,ETF,33,93.23,,,102.00,1,0,"3,077",,"3,078",-,,0.28,,,,,,,,
2024/4/16,買,006208,富邦台50,ETF,33,91.38,,,102.00,1,0,"3,016",,"3,017",-,,0.28,,,,,,,,
2024/4/26,買,006208,富邦台50,ETF,33,91.53,,,102.00,1,0,"3,020",,"3,021",-,,0.28,,,,,,,,
2024/5/6,買,006208,富邦台50,ETF,33,93.46,,,102.00,1,0,"3,084",,"3,085",-,,0.28,,,,,,,,
2024/5/16,買,006208,富邦台50,ETF,31,98.54,,,102.00,1,0,"3,055",,"3,056",-,,0.28,,,,,,,,
2024/5/27,買,006208,富邦台50,ETF,30,101.23,,,102.00,1,0,"3,037",,"3,038",-,,0.28,,,,,,,,
2024/6/6,買,006208,富邦台50,ETF,30,101.94,,,102.00,1,0,"3,058",,"3,059",-,,0.28,,,,,,,,
2024/6/17,買,006208,富邦台50,ETF,29,105.28,,,102.00,1,0,"3,053",,"3,054",-,,0.28,,,,,,,,
2024/6/26,買,006208,富邦台50,ETF,28,108.57,,,102.00,1,0,"3,040",,"3,041",-,,0.28,,,,,,,,
2024/1/5,買,00687B,國泰20年美債,債ETF,38,31.26,,,28.58,1,0,"1,188",,"1,189",-,,0.28,,,,,,,,
2024/1/15,買,00687B,國泰20年美債,債ETF,38,31.32,,,28.58,1,0,"1,190",,"1,191",-,,0.28,,,,,,,,
2024/1/25,買,00687B,國泰20年美債,債ETF,39,30.32,,,28.58,1,0,"1,182",,"1,183",-,,0.28,,,,,,,,
2024/2/5,買,00687B,國泰20年美債,債ETF,38,31.22,,,28.58,1,0,"1,186",,"1,187",-,,0.28,,,,,,,,
2024/2/15,買,00687B,國泰20年美債,債ETF,39,30.55,,,28.58,1,0,"1,191",,"1,192",-,,0.28,,,,,,,,
2024/2/26,買,00687B,國泰20年美債,債ETF,64,31.02,,,28.58,1,0,"1,985",,"1,986",-,,0.28,,,,,,,,
2024/3/5,買,00687B,國泰20年美債,債ETF,64,30.99,,,28.58,1,0,"1,983",,"1,984",-,,0.28,,,,,,,,
2024/3/15,買,00687B,國泰20年美債,債ETF,64,30.85,,,28.58,1,0,"1,974",,"1,975",-,,0.28,,,,,,,,
2024/3/18,股利,00687B,國泰20年美債,債ETF,,,,,28.58,0,0, ,186,-,-,,0.28,,,,,,,,
2024/3/25,買,00687B,國泰20年美債,債ETF,64,30.93,,,28.58,1,0,"1,980",,"1,981",-,,0.28,,,,,,,,
2024/4/8,買,00687B,國泰20年美債,債ETF,69,30.32,,,28.58,1,0,"2,092",,"2,093",-,,0.28,,,,,,,,
2024/4/16,買,00687B,國泰20年美債,債ETF,70,29.92,,,28.58,1,0,"2,094",,"2,095",-,,0.28,,,,,,,,
2024/4/26,買,00687B,國泰20年美債,債ETF,70,29.61,,,28.58,1,0,"2,073",,"2,074",-,,0.28,,,,,,,,
2024/5/6,買,00687B,國泰20年美債,債ETF,69,30.10,,,28.58,1,0,"2,077",,"2,078",-,,0.28,,,,,,,,
2024/5/16,買,00687B,國泰20年美債,債ETF,68,30.82,,,28.58,1,0,"2,096",,"2,097",-,,0.28,,,,,,,,
2024/5/27,買,00687B,國泰20年美債,債ETF,68,30.52,,,28.58,1,0,"2,075",,"2,076",-,,0.28,,,,,,,,
2024/6/6,買,00687B,國泰20年美債,債ETF,67,31.29,,,28.58,1,0,"2,096",,"2,097",-,,0.28,,,,,,,,
2024/6/17,買,00687B,國泰20年美債,債ETF,66,31.72,,,28.58,1,0,"2,094",,"2,095",-,,0.28,,,,,,,,
2024/6/20,股利,00687B,國泰20年美債,債ETF,,,,,28.58,0,0, ,394,-,-,,0.28,,,,,,,,
2024/6/26,買,00687B,國泰20年美債,債ETF,66,31.46,,,28.58,1,0,"2,076",,"2,077",-,,0.28,,,,,,,,
2024/3/20,買,00919,群益台灣精選高息,ETF,100,26.66,,,21.33,1,0,"2,666",,"2,667",-,,0.28,,,,,,,,
2024/3/20,買,00919,群益台灣精選高息,ETF,100,26.16,,,21.33,1,0,"2,616",,"2,617",-,,0.28,,,,,,,,
2024/3/21,買,00919,群益台灣精選高息,ETF,100,26.18,,,21.33,1,0,"2,618",,"2,619",-,,0.28,,,,,,,,
2024/3/22,買,00919,群益台灣精選高息,ETF,100,25.45,,,21.33,1,0,"2,545",,"2,546",-,,0.28,,,,,,,,
2024/3/25,買,00919,群益台灣精選高息,ETF,100,25.25,,,21.33,1,0,"2,525",,"2,526",-,,0.28,,,,,,,,
2024/3/26,買,00919,群益台灣精選高息,ETF,200,24.70,,,21.33,1,0,"4,940",,"4,941",-,,0.28,,,,,,,,
2024/3/26,買,00919,群益台灣精選高息,ETF,100,24.90,,,21.33,1,0,"2,490",,"2,491",-,,0.28,,,,,,,,
2024/3/27,買,00919,群益台灣精選高息,ETF,100,25.15,,,21.33,1,0,"2,515",,"2,516",-,,0.28,,,,,,,,
2024/3/27,買,00919,群益台灣精選高息,ETF,100,25.23,,,21.33,1,0,"2,523",,"2,524",-,,0.28,,,,,,,,
2024/3/29,買,00919,群益台灣精選高息,ETF,100,25.23,,,21.33,1,0,"2,523",,"2,524",-,,0.28,,,,,,,,
2024/3/29,買,00919,群益台灣精選高息,ETF,100,25.20,,,21.33,1,0,"2,520",,"2,521",-,,0.28,,,,,,,,
2024/3/29,買,00919,群益台灣精選高息,ETF,100,25.34,,,21.33,1,0,"2,534",,"2,535",-,,0.28,,,,,,,,
2024/4/22,買,00919,群益台灣精選高息,ETF,100,23.82,,,21.33,1,0,"2,382",,"2,383",-,,0.28,,,,,,,,
2024/6/24,股利,00919,群益台灣精選高息,ETF,,,,,21.33,0,0, ,970,-,-,,0.28,,,,,,,,
2024/9/23,股利,00919,群益台灣精選高息,ETF,,,,,21.33,0,0, ,"1,008",-,-,,0.28,,,,,,,,
2024/12/20,股利,00919,群益台灣精選高息,ETF,,,,,21.33,0,0, ,"1,008",-,-,,0.28,,,,,,,,
2024/7/8,買,006208,富邦台50,ETF,22,115.24,,,102.00,1,0,"2,535",,"2,536",-,,0.28,,,,,,,,
2024/7/16,買,006208,富邦台50,ETF,22,115.62,,,102.00,1,0,"2,544",,"2,545",-,,0.28,,,,,,,,
2024/7/16,股利,006208,富邦台50,ETF,,,,,102.00,0,0, ,879,-,-,,0.28,,,,,,,,
2024/7/26,買,006208,富邦台50,ETF,24,104.74,,,102.00,1,0,"2,514",,"2,515",-,,0.28,,,,,,,,
2024/8/6,買,006208,富邦台50,ETF,26,97.44,,,102.00,1,0,"2,533",,"2,534",-,,0.28,,,,,,,,
2024/8/16,買,006208,富邦台50,ETF,24,107.18,,,102.00,1,0,"2,572",,"2,573",-,,0.28,,,,,,,,
2024/8/26,買,006208,富邦台50,ETF,29,106.60,,,102.00,1,0,"3,091",,"3,092",-,,0.28,,,,,,,,
2024/9/6,買,006208,富邦台50,ETF,30,102.02,,,102.00,1,0,"3,061",,"3,062",-,,0.28,,,,,,,,
2024/9/16,買,006208,富邦台50,ETF,29,104.58,,,102.00,1,0,"3,033",,"3,034",-,,0.28,,,,,,,,
2024/9/26,買,006208,富邦台50,ETF,27,110.76,,,102.00,1,0,"2,991",,"2,992",-,,0.28,,,,,,,,
2024/10/7,買,006208,富邦台50,ETF,28,109.72,,,102.00,1,0,"3,072",,"3,073",-,,0.28,,,,,,,,
2024/10/16,買,006208,富邦台50,ETF,22,113.61,,,102.00,1,0,"2,499",,"2,500",-,,0.28,,,,,,,,
2024/10/28,買,006208,富邦台50,ETF,22,115.16,,,102.00,1,0,"2,534",,"2,535",-,,0.28,,,,,,,,
2024/11/6,買,006208,富邦台50,ETF,22,114.75,,,102.00,1,0,"2,525",,"2,526",-,,0.28,,,,,,,,
2024/11/18,股利,006208,富邦台50,ETF,,,,,102.00,0,0, ,"1,287",-,-,,0.28,,,,,,,,
2024/11/18,買,006208,富邦台50,ETF,28,110.52,,,102.00,1,0,"3,095",,"3,096",-,,0.28,,,,,,,,
2024/11/26,買,006208,富邦台50,ETF,28,110.11,,,102.00,1,0,"3,083",,"3,084",-,,0.28,,,,,,,,
2024/12/16,買,006208,富邦台50,ETF,52,114.27,,,102.00,1,0,"5,942",,"5,943",-,,0.28,,,,,,,,
,,,,,,,,, , , , ,, , ,,0.28,,,,,,,,
,,,,,,,,, , , , ,, , ,,0.28,,,,,,,,
2024/7/8,買,00687B,國泰20年美債,債ETF,84,30.91,,,28.58,1,0,"2,596",,"2,597",-,,0.28,,,,,,,,
2024/7/16,買,00687B,國泰20年美債,債ETF,82,31.38,,,28.58,1,0,"2,573",,"2,574",-,,0.28,,,,,,,,
2024/7/26,買,00687B,國泰20年美債,債ETF,82,31.36,,,28.58,1,0,"2,572",,"2,573",-,,0.28,,,,,,,,
2024/8/6,買,00687B,國泰20年美債,債ETF,78,33.11,,,28.58,1,0,"2,583",,"2,584",-,,0.28,,,,,,,,
2024/8/16,買,00687B,國泰20年美債,債ETF,79,32.66,,,28.58,1,0,"2,580",,"2,581",-,,0.28,,,,,,,,
2024/8/26,買,00687B,國泰20年美債,債ETF,64,32.52,,,28.58,1,0,"2,081",,"2,082",-,,0.28,,,,,,,,
2024/9/6,買,00687B,國泰20年美債,債ETF,63,33.16,,,28.58,1,0,"2,089",,"2,090",-,,0.28,,,,,,,,
2024/9/16,買,00687B,國泰20年美債,債ETF,62,33.42,,,28.58,1,0,"2,072",,"2,073",-,,0.28,,,,,,,,
2024/9/18,股利,00687B,國泰20年美債,債ETF,,,,,28.58,0,0, ,764,-,-,,0.28,,,,,,,,
2024/9/26,買,00687B,國泰20年美債,債ETF,65,32.07,,,28.58,1,0,"2,085",,"2,086",-,,0.28,,,,,,,,
2024/9/26,買,00687B,國泰20年美債,債ETF,65,32.11,,,28.58,1,0,"2,087",,"2,088",-,,0.28,,,,,,,,
2024/9/27,買,00687B,國泰20年美債,債ETF,65,31.99,,,28.58,1,0,"2,079",,"2,080",-,,0.28,,,,,,,,
2024/10/4,買,00687B,國泰20年美債,債ETF,100,31.95,,,28.58,1,0,"3,195",,"3,196",-,,0.28,,,,,,,,
2024/10/7,買,00687B,國泰20年美債,債ETF,66,31.74,,,28.58,1,0,"2,095",,"2,096",-,,0.28,,,,,,,,
2024/10/9,買,00687B,國泰20年美債,債ETF,66,31.43,,,28.58,1,0,"2,074",,"2,075",-,,0.28,,,,,,,,
2024/10/11,買,00687B,國泰20年美債,債ETF,83,31.22,,,28.58,1,0,"2,591",,"2,592",-,,0.28,,,,,,,,
2024/10/14,買,00687B,國泰20年美債,債ETF,67,31.01,,,28.58,1,0,"2,078",,"2,079",-,,0.28,,,,,,,,
2024/10/16,買,00687B,國泰20年美債,債ETF,82,31.46,,,28.58,1,0,"2,580",,"2,581",-,,0.28,,,,,,,,
2024/10/18,買,00687B,國泰20年美債,債ETF,83,31.05,,,28.58,1,0,"2,577",,"2,578",-,,0.28,,,,,,,,
2024/10/21,買,00687B,國泰20年美債,債ETF,84,30.91,,,28.58,1,0,"2,596",,"2,597",-,,0.28,,,,,,,,
2024/10/22,買,00687B,國泰20年美債,債ETF,100,30.40,,,28.58,1,0,"3,040",,"3,041",-,,0.28,,,,,,,,
2024/10/24,買,00687B,國泰20年美債,債ETF,85,30.42,,,28.58,1,0,"2,586",,"2,587",-,,0.28,,,,,,,,
2024/10/28,買,00687B,國泰20年美債,債ETF,85,30.29,,,28.58,1,0,"2,575",,"2,576",-,,0.28,,,,,,,,
2024/11/1,買,00687B,國泰20年美債,債ETF,85,30.51,,,28.58,1,0,"2,593",,"2,594",-,,0.28,,,,,,,,
2024/11/14,買,00687B,國泰20年美債,債ETF,86,30.16,,,28.58,1,0,"2,594",,"2,595",-,,0.28,,,,,,,,
2024/12/6,出借,00687B,國泰20年美債,債ETF,,,,,28.58,,,,71,,-,,0.28,,,,,,,,
2024/12/16,買,00687B,國泰20年美債,債ETF,83,30.51,,,28.58,1,0,"2,532",,"2,533",-,,0.28,,,,,,,,
2024/12/16,買,00687B,國泰20年美債,債ETF,98,30.51,,,28.58,1,0,"2,990",,"2,991",-,,0.28,,,,,,,,
2024/12/17,股利,00687B,國泰20年美債,債ETF,,,,,28.58,0,0, ,"1,241",-,-,,0.28,,,,,,,,
2024/12/19,買,00687B,國泰20年美債,債ETF,84,29.85,,,28.58,1,0,"2,507",,"2,508",-,,0.28,,,,,,,,
2024/12/20,買,00687B,國泰20年美債,債ETF,85,29.64,,,28.58,1,0,"2,519",,"2,520",-,,0.28,,,,,,,,
2024/12/23,買,00687B,國泰20年美債,債ETF,84,29.69,,,28.58,1,0,"2,494",,"2,495",-,,0.28,,,,,,,,
2024/12/24,買,00687B,國泰20年美債,債ETF,86,29.48,,,28.58,1,0,"2,535",,"2,536",-,,0.28,,,,,,,,
2024/12/30,買,00687B,國泰20年美債,債ETF,85,29.32,,,28.58,1,0,"2,492",,"2,493",-,,0.28,,,,,,,,
,,,,,,,,, , , , ,, , ,,0.28,,,,,,,,
2025/1/16,買,006208,富邦台50,ETF,58,114.99,,,102.00,1,0,"6,669",,"6,670",-,,0.28,,,,,,,,
2025/4/8,買,006208,富邦台50,ETF,50,89.30,,,102.00,1,0,"4,465",,"4,466",-,,0.28,,,,,,,,
2025/5/2,買,006208,富邦台50,ETF,30,101.50,,,102.00,1,0,"3,045",,"3,046",-,,0.28,,,,,,,,
,,,,,,,,, ,, , ,, , ,,0.28,,,,,,,,
,,,,,,,,, , , , ,, , ,,0.28,,,,,,,,
2025/1/2,買,00687B,國泰20年美債,債ETF,85,29.51,,,28.58,1,0,"2,508",,"2,509",-,,0.28,,,,,,,,
2025/1/6,買,00687B,國泰20年美債,債ETF,85,29.46,,,28.58,1,0,"2,504",,"2,505",-,,0.28,,,,,,,,
2025/1/7,買,00687B,國泰20年美債,債ETF,85,29.31,,,28.58,1,0,"2,491",,"2,492",-,,0.28,,,,,,,,
2025/1/8,買,00687B,國泰20年美債,債ETF,104,29.02,,,28.58,1,0,"3,018",,"3,019",-,,0.28,,,,,,,,
2025/1/10,買,00687B,國泰20年美債,債ETF,87,29.06,,,28.58,1,0,"2,528",,"2,529",-,,0.28,,,,,,,,
2025/1/13,買,00687B,國泰20年美債,債ETF,114,28.96,,,28.58,1,0,"3,301",,"3,302",-,,0.28,,,,,,,,
2025/3/18,股利,00687B,國泰20年美債,債ETF,,,,,28.58,0,0, ,"1,488",-,-,,0.28,,,,,,,,
2025/4/9,買,00687B,國泰20年美債,債ETF,90,28.59,,,28.58,1,0,"2,573",,"2,574",-,,0.28,,,,,,,,
2025/4/11,買,00687B,國泰20年美債,債ETF,90,28.97,,,28.58,1,0,"2,607",,"2,608",-,,0.28,,,,,,,,
,,,,,,,,, , , , ,, , ,,0.28,,,,,,,,
,,,,,,,,, , , , ,, , ,,0.28,,,,,,,,
2025/2/13,賣,00919,群益台灣精選高息,ETF,,,200,23.41,21.33,1,5,"4,682",,-,"4,676",,0.28,,,,,,,,
2025/2/18,賣,00919,群益台灣精選高息,ETF,,,200,23.60,21.33,1,5,"4,720",,-,"4,714",,0.28,,,,,,,,
2025/3/18,股利,00919,群益台灣精選高息,ETF,,,,,21.33,0,0, ,720,-,-,,0.28,,,,,,,,
,,,,,,,,, , , , ,, , ,,0.28,,,,,,,,
,,,,,,,,, , , , ,, , ,,0.28,,,,,,,,
,,,,,,,,, , , , ,, , ,,0.28,,,,,,,,
,,,,,,,,, , , , ,, , ,,0.28,,,,,,,,
,,,,,,,,, , , , ,, , ,,0.28,,,,,,,,
,,,,,,,,, , , , ,, , ,,0.28,,,,,,,,
,,,,,,,,, , , , ,, , ,,0.28,,,,,,,,
,,,,,,,,, , , , ,, , ,,0.28,,,,,,,,
,,,,,,,,, , , , ,, , ,,0.28,,,,,,,,
,,,,,,,,, , , , ,, , ,,0.28,,,,,,,,
,,,,,,,,, , , , ,, , ,,0.28,,,,,,,,
,,,,,,,,, , , , ,, , ,,0.28,,,,,,,,
,,,,,,,,, , , , ,, , ,,0.28,,,,,,,,
,,,,,,,,, , , , ,, , ,,0.28,,,,,,,,
,,,,,,,,, , , , ,, , ,,0.28,,,,,,,,
,,,,,,,,, , , , ,, , ,,0.28,,,,,,,,
,,,,,,,,, , , , ,, , ,,0.28,,,,,,,,
,,,,,,,,, , , , ,, , ,,0.28,,,,,,,,
,,,,,,,,, , , , ,, , ,,0.28,,,,,,,,
,,,,,,,,, , , , ,, , ,,0.28,,,,,,,,
,,,,,,,,, , , , ,, , ,,0.28,,,,,,,,
,,,,,,,,, , , , ,, , ,,0.28,,,,,,,,
,,,,,,,,, , , , ,, , ,,0.28,,,,,,,,
,,,,,,,,, , , , ,, , ,,0.28,,,,,,,,
,,,,,,,,, , , , ,, , ,,0.28,,,,,,,,
,,,,,,,,, , , , ,, , ,,0.28,,,,,,,,
,,,,,,,,, , , , ,, , ,,0.28,,,,,,,,
,,,,,,,,, , , , ,, , ,,0.28,,,,,,,,
,,,,,,,,, , , , ,, , ,,0.28,,,,,,,,
,,,,,,,,, , , , ,, , ,,0.28,,,,,,,,
,,,,,,,,, , , , ,, , ,,0.28,,,,,,,,
,,,,,,,,, , , , ,, , ,,0.28,,,,,,,,
,,,,,,,,, , , , ,, , ,,0.28,,,,,,,,
,,,,,,,,, , , , ,, , ,,0.28,,,,,,,,
,,,,,,,,, , , , ,, , ,,0.28,,,,,,,,
,,,,,,,,, , , , ,, , ,,0.28,,,,,,,,
,,,,,,,,, , , , ,, , ,,0.28,,,,,,,,
,,,,,,,,, , , , ,, , ,,0.28,,,,,,,,
,,,,,,,,, , , , ,, , ,,0.28,,,,,,,,
,,,,,,,,, , , , ,, , ,,0.28,,,,,,,,
,,,,,,,,, , , , ,, , ,,0.28,,,,,,,,
,,,,,,,,, , , , ,, , ,,0.28,,,,,,,,
,,,,,,,,, , , , ,, , ,,0.28,,,,,,,,
,,,,,,,,, , , , ,, , ,,0.28,,,,,,,,
,,,,,,,,, , , , ,, , ,,0.28,,,,,,,,
2023/7/25,買,VOO,Vanguard標普500,美ETF,0.26366,13061,,,15626,3,0,"3,444",,"3,447",-,,0.28,,,,,,,,
2023/8/7,買,VOO,Vanguard標普500,美ETF,0.19375,13077,,,15626,3,0,"2,534",,"2,537",-,,0.28,,,,,,,,
2023/8/15,買,VOO,Vanguard標普500,美ETF,0.19501,13101,,,15626,3,0,"2,555",,"2,558",-,,0.28,,,,,,,,
2023/8/25,買,VOO,Vanguard標普500,美ETF,0.17347,12852,,,15626,3,0,"2,229",,"2,232",-,,0.28,,,,,,,,
2023/9/5,買,VOO,Vanguard標普500,美ETF,0.16898,13213,,,15626,3,0,"2,233",,"2,236",-,,0.28,,,,,,,,
2023/9/15,買,VOO,Vanguard標普500,美ETF,0.16971,13169,,,15626,3,0,"2,235",,"2,238",-,,0.28,,,,,,,,
2023/9/25,買,VOO,Vanguard標普500,美ETF,0.1768,12728,,,15626,3,0,"2,250",,"2,253",-,,0.28,,,,,,,,
2023/10/5,買,VOO,Vanguard標普500,美ETF,0.20516,12580,,,15626,3,0,"2,581",,"2,584",-,,0.28,,,,,,,,
2023/10/16,買,VOO,Vanguard標普500,美ETF,0.20065,12870,,,15626,3,0,"2,582",,"2,585",-,,0.28,,,,,,,,
2023/10/25,買,VOO,Vanguard標普500,美ETF,0.20645,12532,,,15626,3,0,"2,587",,"2,590",-,,0.28,,,,,,,,
2023/11/6,買,VOO,Vanguard標普500,美ETF,0.1997,12877,,,15626,3,0,"2,571",,"2,574",-,,0.28,,,,,,,,
2023/11/15,買,VOO,Vanguard標普500,美ETF,0.19338,13283,,,15626,3,0,"2,569",,"2,572",-,,0.28,,,,,,,,
2023/11/27,買,VOO,Vanguard標普500,美ETF,0.19132,13201,,,15626,3,0,"2,526",,"2,529",-,,0.28,,,,,,,,
2023/12/5,買,VOO,Vanguard標普500,美ETF,0.19113,13182,,,15626,3,0,"2,519",,"2,522",-,,0.28,,,,,,,,
2023/12/15,買,VOO,Vanguard標普500,美ETF,0.18476,13539,,,15626,3,0,"2,501",,"2,504",-,,0.28,,,,,,,,
2023/12/26,買,VOO,Vanguard標普500,美ETF,0.18358,13537,,,15626,3,0,"2,485",,"2,488",-,,0.28,,,,,,,,
2024/1/5,買,VOO,Vanguard標普500,美ETF,0.18627,13325,,,15626,3,0,"2,482",,"2,485",-,,0.28,,,,,,,,
2024/1/16,買,VOO,Vanguard標普500,美ETF,0.22898,13709,,,15626,3,0,"3,139",,"3,142",-,,0.28,,,,,,,,
2024/2/5,買,VOO,Vanguard標普500,美ETF,0.22051,14228,,,15626,3,0,"3,137",,"3,140",-,,0.28,,,,,,,,
2024/2/5,買,VOO,Vanguard標普500,美ETF,0.22046,14228,,,15626,3,0,"3,137",,"3,140",-,,0.28,,,,,,,,
2024/2/15,買,VOO,Vanguard標普500,美ETF,0.2179,14422,,,15626,3,0,"3,143",,"3,146",-,,0.28,,,,,,,,
2024/2/26,買,VOO,Vanguard標普500,美ETF,0.21405,14740,,,15626,3,0,"3,155",,"3,158",-,,0.28,,,,,,,,
2024/3/5,買,VOO,Vanguard標普500,美ETF,0.21325,14801,,,15626,3,0,"3,156",,"3,159",-,,0.28,,,,,,,,
2024/3/15,買,VOO,Vanguard標普500,美ETF,0.21243,14872,,,15626,3,0,"3,159",,"3,162",-,,0.28,,,,,,,,
2024/3/25,買,VOO,Vanguard標普500,美ETF,0.20928,15226,,,15626,3,0,"3,186",,"3,189",-,,0.28,,,,,,,,
2024/4/15,買,VOO,Vanguard標普500,美ETF,0.42274,15318,,,15626,3,0,"6,476",,"6,479",-,,0.28,,,,,,,,
2024/4/25,買,VOO,Vanguard標普500,美ETF,0.21802,14943,,,15626,3,0,"3,258",,"3,261",-,,0.28,,,,,,,,
2024/5/6,買,VOO,Vanguard標普500,美ETF,0.21186,15268,,,15626,3,0,"3,235",,"3,238",-,,0.28,,,,,,,,
2024/5/15,買,VOO,Vanguard標普500,美ETF,0.20689,15618,,,15626,3,0,"3,231",,"3,234",-,,0.28,,,,,,,,
2024/5/28,買,VOO,Vanguard標普500,美ETF,0.20517,15679,,,15626,3,0,"3,217",,"3,220",-,,0.28,,,,,,,,
2024/6/5,買,VOO,Vanguard標普500,美ETF,0.205,15780,,,15626,3,0,"3,235",,"3,238",-,,0.28,,,,,,,,
2024/6/17,買,VOO,Vanguard標普500,美ETF,0.20064,16139,,,15626,3,0,"3,238",,"3,241",-,,0.28,,,,,,,,
2024/6/25,買,VOO,Vanguard標普500,美ETF,0.19949,16263,,,15626,3,0,"3,244",,"3,247",-,,0.28,,,,,,,,
2024/7/5,買,VOO,Vanguard標普500,美ETF,0.19723,16466,,,15626,3,0,"3,248",,"3,251",-,,0.28,,,,,,,,
2024/7/15,買,VOO,Vanguard標普500,美ETF,0.19354,16830,,,15626,3,0,"3,257",,"3,260",-,,0.28,,,,,,,,
2024/8/5,買,VOO,Vanguard標普500,美ETF,0.31912,15338,,,15626,3,0,"4,895",,"4,898",-,,0.28,,,,,,,,
2024/8/15,買,VOO,Vanguard標普500,美ETF,0.19793,16319,,,15626,3,0,"3,230",,"3,233",-,,0.28,,,,,,,,
2024/8/26,買,VOO,Vanguard標普500,美ETF,0.19316,16472,,,15626,3,0,"3,182",,"3,185",-,,0.28,,,,,,,,
2024/9/5,買,VOO,Vanguard標普500,美ETF,0.19737,16249,,,15626,3,0,"3,207",,"3,210",-,,0.28,,,,,,,,
2024/9/16,買,VOO,Vanguard標普500,美ETF,0.19361,16482,,,15626,3,0,"3,191",,"3,194",-,,0.28,,,,,,,,
2024/9/25,買,VOO,Vanguard標普500,美ETF,0.18982,16774,,,15626,3,0,"3,184",,"3,187",-,,0.28,,,,,,,,
2024/10/7,買,VOO,Vanguard標普500,美ETF,0.19035,16880,,,15626,3,0,"3,213",,"3,216",-,,0.28,,,,,,,,
2024/10/15,買,VOO,Vanguard標普500,美ETF,0.18609,17293,,,15626,3,0,"3,218",,"3,221",-,,0.28,,,,,,,,
2023/10/5,股利,VOO,Vanguard標普500,美ETF,,,,,15626,,0, ,45,-,-,,0.28,,,,,,,,
2023/12/28,股利,VOO,Vanguard標普500,美ETF,,,,,15626,,0, ,114,-,-,,0.28,,,,,,,,
2024/4/1,股利,VOO,Vanguard標普500,美ETF,,,,,15626,,0, ,168,-,-,,0.28,,,,,,,,
2024/7/5,股利,VOO,Vanguard標普500,美ETF,,,,,15626,,0, ,279,-,-,,0.28,,,,,,,,
2024/10/4,股利,VOO,Vanguard標普500,美ETF,,,,,15626,,0, ,316,-,-,,0.28,,,,,,,,
2024/10/25,買,VOO,Vanguard標普500,美ETF,0.18693,17161,,,15626,3,0,"3,208",,"3,211",-,,0.28,,,,,,,,
2024/11/5,買,VOO,Vanguard標普500,美ETF,0.19057,16760,,,15626,3,0,"3,194",,"3,197",-,,0.28,,,,,,,,
2024/11/15,買,VOO,Vanguard標普500,美ETF,0.18443,17670,,,15626,3,0,"3,259",,"3,262",-,,0.28,,,,,,,,
2024/11/25,買,VOO,Vanguard標普500,美ETF,0.18158,17893,,,15626,3,0,"3,249",,"3,252",-,,0.28,,,,,,,,
2024/12/16,買,VOO,Vanguard標普500,美ETF,0.32304,18137,,,15626,3,0,"5,859",,"5,862",-,,0.28,,,,,,,,
2024/12/23,股利,VOO,Vanguard標普500,美ETF,,,,,15626,0,0, ,402,-,-,,0.28,,,,,,,,
2025/1/16,買,VOO,Vanguard標普500,美ETF,0.73684,17936,,,15626,3,0,"13,216",,"13,219",-,,0.28,,,,,,,,
2025/4/2,股利,VOO,Vanguard標普500,美ETF,,,,,15626,0,0, ,451,-,-,,0.28,,,,,,,,
,,,,,,,,, , , , ,, , ,,0.28,,,,,,,,
,,,,,,,,, , , , ,, , ,,0.28,,,,,,,,
,,,,,,,,, , , , ,, , ,,0.28,,,,,,,,
,,,,,,,,, , , , ,, , ,,0.28,,,,,,,,
,,,,,,,,, , , , ,, , ,,0.28,,,,,,,,
,,,,,,,,, , , , ,, , ,,0.28,,,,,,,,
,,,,,,,,, , , , ,, , ,,0.28,,,,,,,,
,,,,,,,,, , , , ,, , ,,0.28,,,,,,,,
,,,,,,,,, , , , ,, , ,,0.28,,,,,,,,
,,,,,,,,, , , , ,, , ,,0.28,,,,,,,,
,,,,,,,,, , , , ,, , ,,0.28,,,,,,,,
,,,,,,,,, , , , ,, , ,,0.28,,,,,,,,
,,,,,,,,, , , , ,, , ,,0.28,,,,,,,,
,,,,,,,,, , , , ,, , ,,0.28,,,,,,,,
,,,,,,,,, , , , ,, , ,,0.28,,,,,,,,
,,,,,,,,, , , , ,, , ,,0.28,,,,,,,,
,,,,,,,,, , , , ,, , ,,0.28,,,,,,,,
,,,,,,,,, , , , ,, , ,,0.28,,,,,,,,
,,,,,,,,, , , , ,, , ,,0.28,,,,,,,,
,,,,,,,,, , , , ,, , ,,0.28,,,,,,,,
,,,,,,,,, , , , ,, , ,,0.28,,,,,,,,
,,,,,,,,, , , , ,, , ,,0.28,,,,,,,,
,,,,,,,,, , , , ,, , ,,0.28,,,,,,,,
,,,,,,,,, , , , ,, , ,,0.28,,,,,,,,
,,,,,,,,, , , , ,, , ,,0.28,,,,,,,,
,,,,,,,,, , , , ,, , ,,0.28,,,,,,,,
,,,,,,,,, , , , ,, , ,,0.28,,,,,,,,
,,,,,,,,, , , , ,, , ,,0.28,,,,,,,,
,,,,,,,,, , , , ,, , ,,0.28,,,,,,,,
,,,,,,,,, , , , ,, , ,,0.28,,,,,,,,
,,,,,,,,, , , , ,, , ,,0.28,,,,,,,,
,,,,,,,,, , , , ,, , ,,0.28,,,,,,,,
,,,,,,,,, , , , ,, , ,,0.28,,,,,,,,
,,,,,,,,, , , , ,, , ,,0.28,,,,,,,,
,,,,,,,,, , , , ,, , ,,0.28,,,,,,,,
,,,,,,,,, , , , ,, , ,,0.28,,,,,,,,
,,,,,,,,, , , , ,, , ,,0.28,,,,,,,,
,,,,,,,,, , , , ,, , ,,0.28,,,,,,,,
,,,,,,,,, , , , ,, , ,,0.28,,,,,,,,
,,,,,,,,, , , , ,, , ,,0.28,,,,,,,,
,,,,,,,,, , , , ,, , ,,0.28,,,,,,,,
,,,,,,,,, , , , ,, , ,,0.28,,,,,,,,
,,,,,,,,, , , , ,, , ,,0.28,,,,,,,,
2022/1/1,其他,M-BTC,,,0.02905,,,,2943835,0,0,0,,-,-,,0.28,,,,,,,,
2024/10/29,買,BTC,比特幣,CRYPTO,0.00836,2214647,,,2943835,37,0,"18,522",,"18,559",-,,0.28,,,,,,,,
2024/10/29,買,WBETH,封裝 Beacon ETH ,CRYPTO,0.19374,95535,,,59286,37,0,"18,509",,"18,546",-,,0.28,,,,,,,,
2024/10/29,買,BNB,幣安幣,CRYPTO,0.99488,18617,,,18218,37,0,"18,522",,"18,559",-,,0.28,,,,,,,,
2024/10/29,買,BCH,比特幣現金,CRYPTO,1.48152,12500,,,11219,37,0,"18,519",,"18,557",-,,0.28,,,,,,,,
,,,,,,,,, ,, , ,, , ,,0.28,,,,,,,,
2021/4/23,買,BTC,比特幣,CRYPTO,0.00035,1424988,,,2943835,1,0,499,,500,-,,0.28,,,,,,,,
2021/4/26,買,BTC,比特幣,CRYPTO,0.00066,1520006,,,2943835,2,0,999,,"1,001",-,,0.28,,,,,,,,
2021/5/10,買,BTC,比特幣,CRYPTO,0.00060,1666388,,,2943835,2,0,999,,"1,001",-,,0.28,,,,,,,,
2021/5/18,買,BTC,比特幣,CRYPTO,0.00039,1280588,,,2943835,1,0,499,,500,-,,0.28,,,,,,,,
2021/5/20,買,BTC,比特幣,CRYPTO,0.00043,1160100,,,2943835,1,0,499,,500,-,,0.28,,,,,,,,
2023/6/27,賣,BTC,比特幣,CRYPTO,,,0.00243,943600,2943835,5,0,"2,291",,-,"2,286",,0.28,,,,,,,,
2023/7/14,買,BTC,比特幣,CRYPTO,0.00103,970982,,,2943835,,0,"1,000",,"1,000",-,,0.28,,,,,,,,
2023/7/17,賣,BTC,比特幣,CRYPTO,,,0.00103,941435,2943835,2,0,969,,-,967,,0.28,,,,,,,,
2023/8/18,買,BTC,比特幣,CRYPTO,0.00071,848100,,,2943835,1,0,600,,601,-,,0.28,,,,,,,,
2023/8/24,買,BTC,比特幣,CRYPTO,0.00036,839520,,,2943835,1,0,300,,301,-,,0.28,,,,,,,,
2023/10/24,賣,BTC,比特幣,CRYPTO,,,0.00106,1122822,2943835,2,0,"1,196",,-,"1,193",,0.28,,,,,,,,
2024/1/19,買,BTC,比特幣,CRYPTO,0.0008,1325000,,,2943835,2,0,"1,060",,"1,062",-,,0.28,,,,,,,,
2024/1/19,買,BTC,比特幣,CRYPTO,0.0004,1300000,,,2943835,1,0,520,,521,-,,0.28,,,,,,,,
2024/1/19,買,BTC,比特幣,CRYPTO,0.0004,1303000,,,2943835,1,0,521,,522,-,,0.28,,,,,,,, 
2024/1/20,買,BTC,比特幣,CRYPTO,0.0004,1290000,,,2943835,1,0,516,,517,-,,0.28,,,,,,,,
2024/1/24,買,BTC,比特幣,CRYPTO,0.0004,1260000,,,2943835,1,0,504,,505,-,,0.28,,,,,,,,
2024/3/1,賣,BTC,比特幣,CRYPTO,,,0.00817,1937000,2943835,32,0,"15,825",,-,"15,793",,0.28,,,,,,,,
2024/3/1,買,BTC,比特幣,CRYPTO,0.0082,1934866,,,2943835,32,0,"15,866",,"15,898",-,,0.28,,,,,,,,
2025/1/1,其他,BTC,比特幣,CRYPTO,0.0010,0.00,,,2943835,,0,,,-,-,,0.28,,,,,,,,
2021/4/23,買,ETH,乙太坊,CRYPTO,0.0174,74744,,,55511,3,0,"1,299",,"1,301",-,,0.28,,,,,,,,
2021/4/24,買,ETH,乙太坊,CRYPTO,0.0031,64999,,,55511,0,0,200,,200,-,,0.28,,,,,,,,
2021/5/6,買,ETH,乙太坊,CRYPTO,0.0051,98000,,,55511,1,0,499,,500,-,,0.28,,,,,,,,
2021/5/8,買,ETH,乙太坊,CRYPTO,0.0051,98600,,,55511,1,0,499,,500,-,,0.28,,,,,,,,
2021/5/10,買,ETH,乙太坊,CRYPTO,0.0045,111500,,,55511,1,0,499,,500,-,,0.28,,,,,,,,
2021/5/11,買,ETH,乙太坊,CRYPTO,0.0380,118240,,,55511,9,0,"4,495",,"4,504",-,,0.28,,,,,,,,
2022/5/14,買,ETH,乙太坊,CRYPTO,0.0268,60000,,,55511,3,0,"1,610",,"1,614",-,,0.28,,,,,,,,
2022/5/14,買,ETH,乙太坊,CRYPTO,0.0001,59918,,,55511,0,0,6,,6,-,,0.28,,,,,,,,
2023/6/27,買,ETH,乙太坊,CRYPTO,0.0045,58024,,,55511,1,0,264,,264,-,,0.28,,,,,,,,
2023/7/14,買,ETH,乙太坊,CRYPTO,0.0323,61888,,,55511,4,0,"2,000",,"2,005",-,,0.28,,,,,,,,
2023/7/25,買,ETH,乙太坊,CRYPTO,0.0035,58252,,,55511,0,0,201,,201,-,,0.28,,,,,,,,
2023/8/18,買,ETH,乙太坊,CRYPTO,0.0111,54088,,,55511,1,0,600,,602,-,,0.28,,,,,,,,
2023/8/24,買,ETH,乙太坊,CRYPTO,0.0057,52788,,,55511,1,0,300,,301,-,,0.28,,,,,,,,
2023/11/17,買,ETH,乙太坊,CRYPTO,0.0078,64055,,,55511,1,0,500,,501,-,,0.28,,,,,,,,
2024/1/22,買,ETH,乙太坊,CRYPTO,0.0112,78000,,,55511,2,0,876,,878,-,,0.28,,,,,,,,
2024/1/24,買,ETH,乙太坊,CRYPTO,0.0071,70500,,,55511,1,0,501,,502,-,,0.28,,,,,,,,
2024/3/1,買,ETH,乙太坊,CRYPTO,0.0007,106782,,,55511,0,0,75,,75,-,,0.28,,,,,,,,
,,,,,,,,,,,,,,,,,0.28,,,,,,,,
2024/3/1,買,WBETH,封裝 Beacon ETH ,CRYPTO,0.17824,81095,,,59286,0,0,"14,454",,"14,454",-,,0.28,,,,,,,,
2025/1/1,其他,WBETH,封裝 Beacon ETH ,CRYPTO,0.00016,0,,,59286,0,0,0,,-,-,,0.28,,,,,,,,
,,,,,,,,,,,,,,,,,0.28,,,,,,,,
2021/5/6,買,BNB,幣安幣,CRYPTO,0.028,18079,,,18218,1,0,499,,500,-,,0.28,,,,,,,,
2021/5/8,買,BNB,幣安幣,CRYPTO,0.028,17717,,,18218,1,0,499,,500,-,,0.28,,,,,,,,
2021/5/9,買,BNB,幣安幣,CRYPTO,0.027,18700,,,18218,1,0,499,,500,-,,0.28,,,,,,,,
2021/5/10,買,BNB,幣安幣,CRYPTO,0.027,18690,,,18218,1,0,499,,500,-,,0.28,,,,,,,,
2021/5/10,買,BNB,幣安幣,CRYPTO,0.027,18650,,,18218,1,0,499,,500,-,,0.28,,,,,,,,
2022/5/14,買,BNB,幣安幣,CRYPTO,0.114,8516,,,18218,2,0,969,,971,-,,0.28,,,,,,,,
2023/6/27,買,BNB,幣安幣,CRYPTO,0.050,7349,,,18218,1,0,371,,371,-,,0.28,,,,,,,,
2023/7/14,買,BNB,幣安幣,CRYPTO,0.119,7926,,,18218,2,0,940,,942,-,,0.28,,,,,,,,
2023/7/17,賣,BNB,幣安幣,CRYPTO,,,0.085,7604,18218,1,0,650,,-,648,,0.28,,,,,,,,
2023/8/18,買,BNB,幣安幣,CRYPTO,0.085,7028,,,18218,1,0,600,,601,-,,0.28,,,,,,,,
2023/8/24,買,BNB,幣安幣,CRYPTO,0.043,6900,,,18218,1,0,300,,301,-,,0.28,,,,,,,,
2023/8/31,買,BNB,幣安幣,CRYPTO,0.072,7000,,,18218,1,0,504,,505,-,,0.28,,,,,,,,
2023/8/31,買,BNB,幣安幣,CRYPTO,0.071,7100,,,18218,1,0,504,,505,-,,0.28,,,,,,,,
2023/9/1,買,BNB,幣安幣,CRYPTO,0.049,6800,,,18218,1,0,336,,337,-,,0.28,,,,,,,,
2023/9/17,買,BNB,幣安幣,CRYPTO,0.044,6800,,,18218,1,0,300,,301,-,,0.28,,,,,,,,
2023/9/28,買,BNB,幣安幣,CRYPTO,0.066,6801,,,18218,1,0,450,,451,-,,0.28,,,,,,,,
2023/10/4,買,BNB,幣安幣,CRYPTO,0.067,6743,,,18218,1,0,450,,451,-,,0.28,,,,,,,,
2023/10/15,買,BNB,幣安幣,CRYPTO,0.056,6746,,,18218,1,0,375,,376,-,,0.28,,,,,,,,
2023/10/22,買,BNB,幣安幣,CRYPTO,0.100,6967,,,18218,1,0,697,,699,-,,0.28,,,,,,,,
2023/11/6,買,BNB,幣安幣,CRYPTO,0.110,7300,,,18218,2,0,799,,801,-,,0.28,,,,,,,,
2023/11/6,買,BNB,幣安幣,CRYPTO,0.107,7500,,,18218,2,0,800,,801,-,,0.28,,,,,,,,
2023/11/10,買,BNB,幣安幣,CRYPTO,0.078,7700,,,18218,1,0,601,,602,-,,0.28,,,,,,,,
2023/11/10,買,BNB,幣安幣,CRYPTO,0.093,7500,,,18218,1,0,700,,701,-,,0.28,,,,,,,,
2023/11/15,買,BNB,幣安幣,CRYPTO,0.065,7700,,,18218,1,0,500,,501,-,,0.28,,,,,,,,
2023/11/22,買,BNB,幣安幣,CRYPTO,0.069,7200,,,18218,1,0,500,,501,-,,0.28,,,,,,,,
2023/11/26,買,BNB,幣安幣,CRYPTO,0.070,7500,,,18218,1,0,524,,525,-,,0.28,,,,,,,,
2023/11/28,買,BNB,幣安幣,CRYPTO,0.070,7150,,,18218,1,0,500,,501,-,,0.28,,,,,,,,
2023/12/6,買,BNB,幣安幣,CRYPTO,0.137,7300,,,18218,2,0,"1,001",,"1,003",-,,0.28,,,,,,,,
2023/12/14,買,BNB,幣安幣,CRYPTO,0.130,7700,,,18218,2,0,999,,"1,001",-,,0.28,,,,,,,,
2023/12/17,買,BNB,幣安幣,CRYPTO,0.133,7502,,,18218,2,0,999,,"1,001",-,,0.28,,,,,,,,
2024/3/31,買,BNB,幣安幣,CRYPTO,0.012,18977,,,18218,0,0,228,,228,-,,0.28,,,,,,,,
2025/1/1,其他,BNB,幣安幣,CRYPTO,0.149,0.00,,,18218,,,0.00,,-,-,,0.28,,,,,,,,
2022/5/14,買,BCH,比特幣現金,CRYPTO,0.243,5800,,,11219,3,0,"1,408",,"1,410",-,,0.28,,,,,,,,
2023/6/27,買,BCH,比特幣現金,CRYPTO,0.257,7000,,,11219,4,0,"1,798",,"1,801",-,,0.28,,,,,,,,
2023/6/27,買,BCH,比特幣現金,CRYPTO,0.001,7000,,,11219,0,0,7,,7,-,,0.28,,,,,,,,
2023/7/14,買,BCH,比特幣現金,CRYPTO,0.235,8500,,,11219,4,0,"2,000",,"2,003",-,,0.28,,,,,,,,
2023/7/17,買,BCH,比特幣現金,CRYPTO,0.064,7777,,,11219,1,0,501,,502,-,,0.28,,,,,,,,
2023/7/17,買,BCH,比特幣現金,CRYPTO,0.069,7200,,,11219,1,0,500,,501,-,,0.28,,,,,,,,
2023/7/17,買,BCH,比特幣現金,CRYPTO,0.135,7200,,,11219,2,0,969,,971,-,,0.28,,,,,,,,
2023/7/17,買,BCH,比特幣現金,CRYPTO,0.090,7200,,,11219,1,0,649,,650,-,,0.28,,,,,,,,
2023/7/25,買,BCH,比特幣現金,CRYPTO,0.150,6000,,,11219,2,0,900,,902,-,,0.28,,,,,,,,
2023/7/27,買,BCH,比特幣現金,CRYPTO,0.001,6000,,,11219,0,0,8,,8,-,,0.28,,,,,,,,
2023/8/1,買,BCH,比特幣現金,CRYPTO,0.068,6500,,,11219,1,0,442,,443,-,,0.28,,,,,,,,
2023/8/14,買,BCH,比特幣現金,CRYPTO,0.065,6900,,,11219,1,0,450,,451,-,,0.28,,,,,,,,
2023/8/18,買,BCH,比特幣現金,CRYPTO,0.103,5800,,,11219,1,0,599,,600,-,,0.28,,,,,,,,
2023/8/24,買,BCH,比特幣現金,CRYPTO,0.050,6000,,,11219,1,0,300,,301,-,,0.28,,,,,,,,
2023/8/26,買,BCH,比特幣現金,CRYPTO,0.001,5800,,,11219,0,0,8,,8,-,,0.28,,,,,,,,
2023/8/31,買,BCH,比特幣現金,CRYPTO,0.075,6002,,,11219,1,0,448,,449,-,,0.28,,,,,,,,
2023/9/17,買,BCH,比特幣現金,CRYPTO,0.095,6300,,,11219,1,0,600,,601,-,,0.28,,,,,,,,
2023/10/21,賣,BCH,比特幣現金,CRYPTO,,,0.426,8500,11219,7,0,"3,620",,-,"3,612",,0.28,,,,,,,,
2023/10/21,買,BCH,比特幣現金,CRYPTO,0.121,7000,,,11219,2,0,844,,846,-,,0.28,,,,,,,,
2023/10/23,買,BCH,比特幣現金,CRYPTO,0.073,7500,,,11219,1,0,548,,549,-,,0.28,,,,,,,,
2023/10/23,買,BCH,比特幣現金,CRYPTO,0.168,7050,,,11219,2,0,"1,187",,"1,189",-,,0.28,,,,,,,,
2023/10/24,買,BCH,比特幣現金,CRYPTO,0.102,7200,,,11219,1,0,738,,739,-,,0.28,,,,,,,,
2023/11/6,買,BCH,比特幣現金,CRYPTO,0.068,7300,,,11219,1,0,493,,494,-,,0.28,,,,,,,,
2023/11/9,買,BCH,比特幣現金,CRYPTO,0.096,7300,,,11219,1,0,699,,701,-,,0.28,,,,,,,,
2023/11/9,買,BCH,比特幣現金,CRYPTO,0.128,7300,,,11219,2,0,936,,938,-,,0.28,,,,,,,,
2023/11/10,買,BCH,比特幣現金,CRYPTO,0.096,7300,,,11219,1,0,699,,701,-,,0.28,,,,,,,,
2023/11/28,買,BCH,比特幣現金,CRYPTO,0.108,6950,,,11219,1,0,750,,751,-,,0.28,,,,,,,,
2023/12/14,買,BCH,比特幣現金,CRYPTO,0.139,7200,,,11219,2,0,999,,"1,001",-,,0.28,,,,,,,,
2023/12/16,買,BCH,比特幣現金,CRYPTO,0.139,7200,,,11219,2,0,999,,"1,001",-,,0.28,,,,,,,,
2023/12/17,買,BCH,比特幣現金,CRYPTO,0.060,7200,,,11219,1,0,429,,430,-,,0.28,,,,,,,,
2024/1/16,買,BCH,比特幣現金,CRYPTO,0.063,8000,,,11219,1,0,500,,501,-,,0.28,,,,,,,,
2024/1/16,買,BCH,比特幣現金,CRYPTO,0.064,7800,,,11219,1,0,500,,501,-,,0.28,,,,,,,,
2024/1/19,買,BCH,比特幣現金,CRYPTO,0.068,7400,,,11219,1,0,500,,500,-,,0.28,,,,,,,,
2024/1/19,買,BCH,比特幣現金,CRYPTO,0.138,7301,,,11219,2,0,"1,007",,"1,009",-,,0.28,,,,,,,,
2025/1/1,其他,BCH,比特幣現金,CRYPTO,0.114,0,,,11219,0,0,0,,-,-,,0.28,,,,,,,,
2025/1/1,其他,USDT,泰達幣,,287.31,,,,30.44,0,0,0,,-,-,,0.28,,,,,,,,
2025/2/3,賣,BTC,比特幣,CRYPTO,,,0.005,2976150,2943835,30,45,"14,881",,0,"14,806",,0.28,,,,,,,,
,,,,,,,,, , , , ,, , ,,0.28,,,,,,,,
,,,,,,,,, , , , ,, , ,,0.28,,,,,,,,
,,,,,,,,, , , , ,, , ,,0.28,,,,,,,,
,,,,,,,,, , , , ,, , ,,0.28,,,,,,,,
,,,,,,,,, , , , ,, , ,,0.28,,,,,,,,
,,,,,,,,, , , , ,, , ,,0.28,,,,,,,,
,,,,,,,,, , , , ,, , ,,0.28,,,,,,,,
,,,,,,,,, , , , ,, , ,,0.28,,,,,,,,
,,,,,,,,, , , , ,, , ,,0.28,,,,,,,,
,,,,,,,,, , , , ,, , ,,0.28,,,,,,,,
,,,,,,,,, , , , , , , ,,0.28,,,,,,,,
,,,,,,,,, , , , , , , ,,0.28,,,,,,,,
,,,,,,,,, , , , , , , ,,0.28,,,,,,,,
,,,,,,,,, , , , , , , ,,0.28,,,,,,,,
,,,,,,,,, , , , , , , ,,0.28,,,,,,,,
,,,,,,,,, , , , , , , ,,0.28,,,,,,,,
,,,,,,,,, , , , , , , ,,0.28,,,,,,,,
,,,,,,,,, , , , , , , ,,0.28,,,,,,,,
,,,,,,,,, , , , , , , ,,0.28,,,,,,,,
,,,,,,,,, , , , , , , ,,0.28,,,,,,,,
,,,,,,,,, , , , , , , ,,0.28,,,,,,,,
,,,,,,,,, , , , , , , ,,0.28,,,,,,,,
,,,,,,,,, , , , , , , ,,0.28,,,,,,,,
,,,,,,,,, , , , , , , ,,0.28,,,,,,,,
,,,,,,,,, , , , , , , ,,0.28,,,,,,,,
,,,,,,,,, , , , , , , ,,0.28,,,,,,,,
,,,,,,,,, , , , , , , ,,0.28,,,,,,,,
,,,,,,,,, , , , , , , ,,0.28,,,,,,,,
,,,,,,,,, , , , , , , ,,0.28,,,,,,,,
,,,,,,,,, , , , , , , ,,0.28,,,,,,,,
,,,,,,,,, , , , , , , ,,0.28,,,,,,,,
,,,,,,,,, , , , , , , ,,0.28,,,,,,,,
,,,,,,,,, , , , , , , ,,0.28,,,,,,,,
,,,,,,,,, , , , , , , ,,0.28,,,,,,,,
,,,,,,,,, , , , , , , ,,0.28,,,,,,,,
,,,,,,,,, , , , , , , ,,0.28,,,,,,,,
,,,,,,,,, , , , , , , ,,0.28,,,,,,,,
,,,,,,,,, , , , , , , ,,0.28,,,,,,,,
,,,,,,,,, , , , , , , ,,0.28,,,,,,,,
,,,,,,,,, , , , , , , ,,0.28,,,,,,,,
,,,,,,,,, , , , , , , ,,0.28,,,,,,,,
,,,,,,,,, , , , , , , ,,0.28,,,,,,,,
,,,,,,,,, , , , , , , ,,0.28,,,,,,,,
,,,,,,,,, , , , , , , ,,0.28,,,,,,,,
,,,,,,,,, , , , , , , ,,0.28,,,,,,,,
,,,,,,,,, , , , , , , ,,0.28,,,,,,,,
,,,,,,,,, , , , , , , ,,0.28,,,,,,,,
,,,,,,,,, , , , , , , ,,0.28,,,,,,,,
,,,,,,,,, , , , , , , ,,0.28,,,,,,,,
,,,,,,,,, , , , , , , ,,0.28,,,,,,,,
,,,,,,,,, , , , , , , ,,0.28,,,,,,,,
,,,,,,,,, , , , , , , ,,0.28,,,,,,,,
,,,,,,,,, , , , , , , ,,0.28,,,,,,,,
,,,,,,,,, , , , , , , ,,0.28,,,,,,,,
,,,,,,,,, , , , , , , ,,0.28,,,,,,,,
,,,,,,,,, , , , , , , ,,0.28,,,,,,,,
,,,,,,,,, , , , , , , ,,0.28,,,,,,,,
,,,,,,,,, , , , , , , ,,0.28,,,,,,,,
,,,,,,,,, , , , , , , ,,0.28,,,,,,,,
,,,,,,,,, , , , , , , ,,0.28,,,,,,,,
,,,,,,,,, , , , , , , ,,0.28,,,,,,,,
,,,,,,,,, , , , , , , ,,0.28,,,,,,,,
,,,,,,,,, , , , , , , ,,0.28,,,,,,,,
,,,,,,,,, , , , , , , ,,0.28,,,,,,,,
,,,,,,,,, , , , , , , ,,0.28,,,,,,,,
,,,,,,,,, , , , , , , ,,0.28,,,,,,,,
,,,,,,,,, , , , , , , ,,0.28,,,,,,,,
,,,,,,,,, , , , , , , ,,0.28,,,,,,,,
,,,,,,,,, , , , , , , ,,0.28,,,,,,,,
,,,,,,,,, , , , , , , ,,0.28,,,,,,,,
,,,,,,,,, , , , , , , ,,0.28,,,,,,,,
,,,,,,,,, , , , , , , ,,0.28,,,,,,,,
,,,,,,,,, , , , , , , ,,0.28,,,,,,,,
,,,,,,,,, , , , , , , ,,0.28,,,,,,,,
,,,,,,,,, , , , , , , ,,0.28,,,,,,,,
,,,,,,,,, , , , , , , ,,0.28,,,,,,,,
,,,,,,,,, , , , , , , ,,0.28,,,,,,,,
,,,,,,,,, , , , , , , ,,0.28,,,,,,,,
,,,,,,,,, , , , , , , ,,0.28,,,,,,,,
,,,,,,,,, , , , , , , ,,0.28,,,,,,,,
,,,,,,,,, , , , , , , ,,0.28,,,,,,,,
,,,,,,,,, , , , , , , ,,0.28,,,,,,,,
,,,,,,,,, , , , , , , ,,0.28,,,,,,,,
,,,,,,,,, , , , , , , ,,0.28,,,,,,,,
,,,,,,,,, , , , , , , ,,0.28,,,,,,,,
,,,,,,,,, , , , , , , ,,0.28,,,,,,,,
,,,,,,,,, , , , , , , ,,0.28,,,,,,,,
,,,,,,,,, , , , , , , ,,0.28,,,,,,,,
,,,,,,,,, , , , , , , ,,0.28,,,,,,,,
,,,,,,,,, , , , , , , ,,0.28,,,,,,,,
,,,,,,,,, , , , , , , ,,0.28,,,,,,,,
,,,,,,,,, , , , , , , ,,0.28,,,,,,,,
,,,,,,,,, , , , , , , ,,0.28,,,,,,,,
,,,,,,,,, , , , , , , ,,0.28,,,,,,,,
,,,,,,,,, , , , , , , ,,0.28,,,,,,,,
,,,,,,,,, , , , , , , ,,0.28,,,,,,,,
,,,,,,,,, , , , , , , ,,0.28,,,,,,,,
,,,,,,,,, , , , , , , ,,0.28,,,,,,,,
,,,,,,,,, , , , , , , ,,0.28,,,,,,,,
,,,,,,,,, , , , , , , ,,0.28,,,,,,,,
,,,,,,,,, , , , , , , ,,0.28,,,,,,,,
,,,,,,,,, , , , , , , ,,0.28,,,,,,,,
,,,,,,,,, , , , , , , ,,0.28,,,,,,,,
,,,,,,,,, , , , , , , ,,0.28,,,,,,,,
,,,,,,,,, , , , , , , ,,0.28,,,,,,,,
,,,,,,,,, , , , , , , ,,0.28,,,,,,,,
,,,,,,,,, , , , , , , ,,0.28,,,,,,,,
,,,,,,,,, , , , , , , ,,0.28,,,,,,,,
,,,,,,,,, , , , , , , ,,0.28,,,,,,,,
,,,,,,,,, , , , , , , ,,0.28,,,,,,,,
,,,,,,,,, , , , , , , ,,0.28,,,,,,,,
,,,,,,,,, , , , , , , ,,0.28,,,,,,,,
,,,,,,,,, , , , , , , ,,0.28,,,,,,,,
,,,,,,,,, , , , , , , ,,0.28,,,,,,,,
,,,,,,,,, , , , , , , ,,0.28,,,,,,,,
,,,,,,,,, , , , , , , ,,0.28,,,,,,,,
,,,,,,,,, , , , , , , ,,0.28,,,,,,,,
,,,,,,,,, , , , , , , ,,0.28,,,,,,,,
,,,,,,,,, , , , , , , ,,0.28,,,,,,,,
,,,,,,,,, , , , , , , ,,0.28,,,,,,,,
,,,,,,,,, , , , , , , ,,0.28,,,,,,,,
,,,,,,,,, , , , , , , ,,0.28,,,,,,,,
,,,,,,,,, , , , , , , ,,0.28,,,,,,,,
,,,,,,,,, , , , , , , ,,0.28,,,,,,,,
,,,,,,,,, , , , , , , ,,0.28,,,,,,,,
,,,,,,,,, , , , , , , ,,0.28,,,,,,,,
,,,,,,,,, , , , , , , ,,0.28,,,,,,,,
,,,,,,,,, , , , , , , ,,0.28,,,,,,,,
,,,,,,,,, , , , , , , ,,0.28,,,,,,,,
,,,,,,,,, , , , , , , ,,0.28,,,,,,,,
,,,,,,,,, , , , , , , ,,0.28,,,,,,,,
,,,,,,,,, , , , , , , ,,0.28,,,,,,,,
,,,,,,,,, , , , , , , ,,0.28,,,,,,,,
,,,,,,,,, , , , , , , ,,0.28,,,,,,,,
,,,,,,,,, , , , , , , ,,0.28,,,,,,,,
,,,,,,,,, , , , , , , ,,0.28,,,,,,,,
,,,,,,,,, , , , , , , ,,0.28,,,,,,,,
,,,,,,,,, , , , , , , ,,0.28,,,,,,,,
,,,,,,,,, , , , , , , ,,0.28,,,,,,,,
,,,,,,,,, , , , , , , ,,0.28,,,,,,,,
,,,,,,,,, , , , , , , ,,0.28,,,,,,,,
,,,,,,,,, , , , , , , ,,0.28,,,,,,,,
,,,,,,,,, , , , , , , ,,0.28,,,,,,,,
,,,,,,,,, , , , , , , ,,0.28,,,,,,,,
,,,,,,,,, , , , , , , ,,0.28,,,,,,,,
,,,,,,,,, , , , , , , ,,0.28,,,,,,,,
,,,,,,,,, , , , , , , ,,0.28,,,,,,,,
,,,,,,,,, , , , , , , ,,0.28,,,,,,,,
,,,,,,,,, , , , , , , ,,0.28,,,,,,,,
,,,,,,,,, , , , , , , ,,0.28,,,,,,,,
,,,,,,,,, , , , , , , ,,0.28,,,,,,,,
,,,,,,,,, , , , , , , ,,0.28,,,,,,,,
,,,,,,,,, , , , , , , ,,0.28,,,,,,,,
,,,,,,,,, , , , , , , ,,0.28,,,,,,,,
,,,,,,,,, , , , , , , ,,0.28,,,,,,,,
,,,,,,,,, , , , , , , ,,0.28,,,,,,,,
,,,,,,,,, , , , , , , ,,0.28,,,,,,,,
,,,,,,,,, , , , , , , ,,0.28,,,,,,,,
,,,,,,,,, , , , , , , ,,0.28,,,,,,,,
,,,,,,,,, , , , , , , ,,0.28,,,,,,,,
,,,,,,,,, , , , , , , ,,0.28,,,,,,,,
,,,,,,,,, , , , , , , ,,0.28,,,,,,,,
,,,,,,,,, , , , , , , ,,0.28,,,,,,,,
,,,,,,,,, , , , , , , ,,0.28,,,,,,,,
,,,,,,,,, , , , , , , ,,0.28,,,,,,,,
,,,,,,,,, , , , , , , ,,0.28,,,,,,,,
,,,,,,,,, , , , , , , ,,0.28,,,,,,,,
,,,,,,,,, , , , , , , ,,0.28,,,,,,,,
,,,,,,,,, , , , , , , ,,0.28,,,,,,,,
,,,,,,,,, , , , , , , ,,0.28,,,,,,,,
,,,,,,,,, , , , , , , ,,0.28,,,,,,,,
,,,,,,,,, , , , , , , ,,0.28,,,,,,,,
,,,,,,,,, , , , , , , ,,0.28,,,,,,,,
,,,,,,,,, , , , , , , ,,0.28,,,,,,,,
,,,,,,,,, , , , , , , ,,0.28,,,,,,,,
,,,,,,,,, , , , , , , ,,0.28,,,,,,,,
,,,,,,,,, , , , , , , ,,0.28,,,,,,,,
,,,,,,,,, , , , , , , ,,0.28,,,,,,,,
,,,,,,,,, , , , , , , ,,0.28,,,,,,,,
,,,,,,,,, , , , , , , ,,0.28,,,,,,,,
,,,,,,,,, , , , , , , ,,0.28,,,,,,,,
,,,,,,,,, , , , , , , ,,0.28,,,,,,,,
,,,,,,,,, , , , , , , ,,0.28,,,,,,,,
,,,,,,,,, , , , , , , ,,0.28,,,,,,,,
,,,,,,,,, , , , , , , ,,0.28,,,,,,,,
,,,,,,,,, , , , , , , ,,0.28,,,,,,,,
,,,,,,,,, , , , , , , ,,0.28,,,,,,,,
,,,,,,,,, , , , , , , ,,0.28,,,,,,,,
,,,,,,,,, , , , , , , ,,0.28,,,,,,,,
,,,,,,,,, , , , , , , ,,0.28,,,,,,,,
,,,,,,,,, , , , , , , ,,0.28,,,,,,,,
,,,,,,,,, , , , , , , ,,0.28,,,,,,,,
,,,,,,,,, , , , , , , ,,0.28,,,,,,,,
,,,,,,,,, , , , , , , ,,0.28,,,,,,,,
,,,,,,,,, , , , , , , ,,0.28,,,,,,,,
,,,,,,,,, , , , , , , ,,0.28,,,,,,,,
,,,,,,,,, , , , , , , ,,0.28,,,,,,,,
,,,,,,,,, , , , , , , ,,0.28,,,,,,,,
,,,,,,,,, , , , , , , ,,0.28,,,,,,,,
,,,,,,,,, , , , , , , ,,0.28,,,,,,,,
,,,,,,,,, , , , , , , ,,0.28,,,,,,,,
,,,,,,,,, , , , , , , ,,0.28,,,,,,,,
,,,,,,,,, , , , , , , ,,0.28,,,,,,,,
,,,,,,,,, , , , , , , ,,0.28,,,,,,,,
,,,,,,,,, , , , , , , ,,0.28,,,,,,,,
,,,,,,,,, , , , , , , ,,0.28,,,,,,,,
,,,,,,,,, , , , , , , ,,0.28,,,,,,,,
,,,,,,,,, , , , , , , ,,0.28,,,,,,,,
,,,,,,,,, , , , , , , ,,0.28,,,,,,,,
,,,,,,,,, , , , , , , ,,0.28,,,,,,,,
,,,,,,,,, , , , , , , ,,0.28,,,,,,,,
,,,,,,,,, , , , , , , ,,0.28,,,,,,,,
,,,,,,,,, , , , , , , ,,0.28,,,,,,,,
,,,,,,,,, , , , , , , ,,0.28,,,,,,,,
,,,,,,,,, , , , , , , ,,0.28,,,,,,,,
,,,,,,,,, , , , , , , ,,0.28,,,,,,,,
,,,,,,,,, , , , , , , ,,0.28,,,,,,,,
,,,,,,,,, , , , , , , ,,0.28,,,,,,,,
,,,,,,,,, , , , , , , ,,0.28,,,,,,,,
,,,,,,,,, , , , , , , ,,0.28,,,,,,,,
,,,,,,,,, , , , , , , ,,0.28,,,,,,,,
,,,,,,,,, , , , , , , ,,0.28,,,,,,,,
,,,,,,,,, , , , , , , ,,0.28,,,,,,,,
,,,,,,,,, , , , , , , ,,0.28,,,,,,,,
,,,,,,,,, , , , , , , ,,0.28,,,,,,,,
,,,,,,,,, , , , , , , ,,0.28,,,,,,,,
,,,,,,,,, , , , , , , ,,0.28,,,,,,,,
,,,,,,,,, , , , , , , ,,0.28,,,,,,,,
,,,,,,,,, , , , , , , ,,0.28,,,,,,,,
,,,,,,,,, , , , , , , ,,0.28,,,,,,,,
,,,,,,,,, , , , , , , ,,0.28,,,,,,,,
,,,,,,,,, , , , , , , ,,0.28,,,,,,,,
,,,,,,,,, , , , , , , ,,0.28,,,,,,,,
,,,,,,,,, , , , , , , ,,0.28,,,,,,,,
,,,,,,,,, , , , , , , ,,0.28,,,,,,,,
,,,,,,,,, , , , , , , ,,0.28,,,,,,,,
,,,,,,,,, , , , , , , ,,0.28,,,,,,,,
,,,,,,,,, , , , , , , ,,0.28,,,,,,,,
,,,,,,,,, , , , , , , ,,0.28,,,,,,,,
,,,,,,,,, , , , , , , ,,0.28,,,,,,,,
,,,,,,,,, , , , , , , ,,0.28,,,,,,,,
,,,,,,,,, , , , , , , ,,0.28,,,,,,,,
,,,,,,,,, , , , , , , ,,0.28,,,,,,,,
,,,,,,,,, , , , , , , ,,0.28,,,,,,,,
,,,,,,,,, , , , , , , ,,0.28,,,,,,,,
,,,,,,,,, , , , , , , ,,0.28,,,,,,,,
,,,,,,,,, , , , , , , ,,0.28,,,,,,,,
,,,,,,,,, , , , , , , ,,0.28,,,,,,,,
,,,,,,,,, , , , , , , ,,0.28,,,,,,,,
,,,,,,,,, , , , , , , ,,0.28,,,,,,,,
,,,,,,,,, , , , , , , ,,0.28,,,,,,,,
,,,,,,,,, , , , , , , ,,0.28,,,,,,,,
,,,,,,,,, , , , , , , ,,0.28,,,,,,,,
,,,,,,,,, , , , , , , ,,0.28,,,,,,,,
,,,,,,,,, , , , , , , ,,0.28,,,,,,,,
,,,,,,,,, , , , , , , ,,0.28,,,,,,,,
,,,,,,,,, , , , , , , ,,0.28,,,,,,,,
,,,,,,,,, , , , , , , ,,0.28,,,,,,,,
,,,,,,,,, , , , , , , ,,0.28,,,,,,,,
,,,,,,,,, , , , , , , ,,0.28,,,,,,,,
,,,,,,,,, , , , , , , ,,0.28,,,,,,,,
,,,,,,,,, , , , , , , ,,0.28,,,,,,,,
,,,,,,,,, , , , , , , ,,0.28,,,,,,,,
,,,,,,,,, , , , , , , ,,0.28,,,,,,,,
,,,,,,,,, , , , , , , ,,0.28,,,,,,,,
,,,,,,,,, , , , , , , ,,0.28,,,,,,,,
,,,,,,,,, , , , , , , ,,0.28,,,,,,,,
,,,,,,,,, , , , , , , ,,0.28,,,,,,,,
,,,,,,,,, , , , , , , ,,0.28,,,,,,,,
,,,,,,,,, , , , , , , ,,0.28,,,,,,,,
,,,,,,,,, , , , , , , ,,0.28,,,,,,,,
,,,,,,,,, , , , , , , ,,0.28,,,,,,,,
,,,,,,,,, , , , , , , ,,0.28,,,,,,,,
,,,,,,,,, , , , , , , ,,0.28,,,,,,,,
,,,,,,,,, , , , , , , ,,0.28,,,,,,,,
,,,,,,,,, , , , , , , ,,0.28,,,,,,,,
,,,,,,,,, , , , , , , ,,0.28,,,,,,,,
,,,,,,,,, , , , , , , ,,0.28,,,,,,,,
,,,,,,,,, , , , , , , ,,0.28,,,,,,,,
,,,,,,,,, , , , , , , ,,0.28,,,,,,,,
,,,,,,,,, , , , , , , ,,0.28,,,,,,,,
,,,,,,,,, , , , , , , ,,0.28,,,,,,,,
,,,,,,,,, , , , , , , ,,0.28,,,,,,,,
,,,,,,,,, , , , , , , ,,0.28,,,,,,,,
,,,,,,,,, , , , , , , ,,0.28,,,,,,,,
,,,,,,,,, , , , , , , ,,0.28,,,,,,,,
,,,,,,,,, , , , , , , ,,0.28,,,,,,,,
,,,,,,,,, , , , , , , ,,0.28,,,,,,,,
,,,,,,,,, , , , , , , ,,0.28,,,,,,,,
,,,,,,,,, , , , , , , ,,0.28,,,,,,,,
,,,,,,,,, , , , , , , ,,0.28,,,,,,,,
,,,,,,,,, , , , , , , ,,0.28,,,,,,,,
,,,,,,,,, , , , , , , ,,0.28,,,,,,,,
,,,,,,,,, , , , , , , ,,0.28,,,,,,,,
,,,,,,,,, , , , , , , ,,0.28,,,,,,,,
,,,,,,,,, , , , , , , ,,0.28,,,,,,,,
,,,,,,,,, , , , , , , ,,0.28,,,,,,,,
,,,,,,,,, , , , , , , ,,0.28,,,,,,,,
,,,,,,,,, , , , , , , ,,0.28,,,,,,,,
,,,,,,,,, , , , , , , ,,0.28,,,,,,,,
,,,,,,,,, , , , , , , ,,0.28,,,,,,,,
,,,,,,,,, , , , , , , ,,0.28,,,,,,,,
,,,,,,,,, , , , , , , ,,0.28,,,,,,,,
,,,,,,,,, , , , , , , ,,0.28,,,,,,,,
,,,,,,,,, , , , , , , ,,0.28,,,,,,,,
,,,,,,,,, , , , , , , ,,0.28,,,,,,,,
,,,,,,,,, , , , , , , ,,0.28,,,,,,,,
,,,,,,,,, , , , , , , ,,0.28,,,,,,,,
,,,,,,,,, , , , , , , ,,0.28,,,,,,,,
,,,,,,,,, , , , , , , ,,0.28,,,,,,,,
,,,,,,,,, , , , , , , ,,0.28,,,,,,,,
,,,,,,,,, , , , , , , ,,0.28,,,,,,,,
,,,,,,,,, , , , , , , ,,0.28,,,,,,,,
,,,,,,,,, , , , , , , ,,0.28,,,,,,,,
,,,,,,,,, , , , , , , ,,0.28,,,,,,,,
,,,,,,,,, , , , , , , ,,0.28,,,,,,,,
,,,,,,,,, , , , , , , ,,0.28,,,,,,,,
,,,,,,,,, , , , , , , ,,0.28,,,,,,,,
,,,,,,,,, , , , , , , ,,0.28,,,,,,,,
,,,,,,,,, , , , , , , ,,0.28,,,,,,,,
,,,,,,,,, , , , , , , ,,0.28,,,,,,,,
,,,,,,,,, , , , , , , ,,0.28,,,,,,,,
,,,,,,,,, , , , , , , ,,0.28,,,,,,,,
,,,,,,,,, , , , , , , ,,0.28,,,,,,,,
,,,,,,,,, , , , , , , ,,0.28,,,,,,,,
,,,,,,,,, , , , , , , ,,0.28,,,,,,,,
,,,,,,,,, , , , , , , ,,0.28,,,,,,,,
,,,,,,,,, , , , , , , ,,0.28,,,,,,,,
,,,,,,,,, , , , , , , ,,0.28,,,,,,,,
,,,,,,,,, , , , , , , ,,0.28,,,,,,,,
,,,,,,,,, , , , , , , ,,0.28,,,,,,,,
,,,,,,,,, , , , , , , ,,0.28,,,,,,,,
,,,,,,,,, , , , , , , ,,0.28,,,,,,,,
,,,,,,,,, , , , , , , ,,0.28,,,,,,,,
,,,,,,,,, , , , , , , ,,0.28,,,,,,,,
,,,,,,,,, , , , , , , ,,0.28,,,,,,,,
,,,,,,,,, , , , , , , ,,0.28,,,,,,,,
,,,,,,,,, , , , , , , ,,0.28,,,,,,,,
,,,,,,,,, , , , , , , ,,0.28,,,,,,,,
,,,,,,,,, , , , , , , ,,0.28,,,,,,,,
,,,,,,,,, , , , , , , ,,0.28,,,,,,,,
,,,,,,,,, , , , , , , ,,0.28,,,,,,,,
,,,,,,,,, , , , , , , ,,0.28,,,,,,,,
,,,,,,,,, , , , , , , ,,0.28,,,,,,,,
,,,,,,,,, , , , , , , ,,0.28,,,,,,,,
,,,,,,,,, , , , , , , ,,0.28,,,,,,,,
,,,,,,,,, , , , , , , ,,0.28,,,,,,,,
,,,,,,,,, , , , , , , ,,0.28,,,,,,,,
,,,,,,,,, , , , , , , ,,0.28,,,,,,,,
,,,,,,,,, , , , , , , ,,0.28,,,,,,,,
,,,,,,,,, , , , , , , ,,0.28,,,,,,,,
,,,,,,,,, , , , , , , ,,0.28,,,,,,,,
,,,,,,,,, , , , , , , ,,0.28,,,,,,,,
,,,,,,,,, , , , , , , ,,0.28,,,,,,,,
,,,,,,,,, , , , , , , ,,0.28,,,,,,,,
,,,,,,,,, , , , , , , ,,0.28,,,,,,,,
,,,,,,,,, , , , , , , ,,0.28,,,,,,,,
,,,,,,,,, , , , , , , ,,0.28,,,,,,,,
,,,,,,,,, , , , , , , ,,0.28,,,,,,,,
,,,,,,,,, , , , , , , ,,0.28,,,,,,,,
,,,,,,,,, , , , , , , ,,0.28,,,,,,,,
,,,,,,,,, , , , , , , ,,0.28,,,,,,,,
,,,,,,,,, , , , , , , ,,0.28,,,,,,,,
,,,,,,,,, , , , , , , ,,0.28,,,,,,,,
,,,,,,,,, , , , , , , ,,0.28,,,,,,,,
,,,,,,,,, , , , , , , ,,0.28,,,,,,,,
,,,,,,,,, , , , , , , ,,0.28,,,,,,,,
,,,,,,,,, , , , , , , ,,0.28,,,,,,,,
,,,,,,,,, , , , , , , ,,0.28,,,,,,,,
,,,,,,,,, , , , , , , ,,0.28,,,,,,,,
,,,,,,,,, , , , , , , ,,0.28,,,,,,,,
,,,,,,,,, , , , , , , ,,0.28,,,,,,,,
,,,,,,,,, , , , , , , ,,0.28,,,,,,,,
,,,,,,,,, , , , , , , ,,0.28,,,,,,,,
,,,,,,,,, , , , , , , ,,0.28,,,,,,,,
,,,,,,,,, , , , , , , ,,0.28,,,,,,,,
,,,,,,,,, , , , , , , ,,0.28,,,,,,,,
,,,,,,,,, , , , , , , ,,0.28,,,,,,,,
,,,,,,,,, , , , , , , ,,0.28,,,,,,,,
,,,,,,,,, , , , , , , ,,0.28,,,,,,,,
,,,,,,,,, , , , , , , ,,0.28,,,,,,,,
,,,,,,,,, , , , , , , ,,0.28,,,,,,,,
,,,,,,,,, , , , , , , ,,0.28,,,,,,,,
,,,,,,,,, , , , , , , ,,0.28,,,,,,,,
,,,,,,,,, , , , , , , ,,0.28,,,,,,,,
,,,,,,,,, , , , , , , ,,0.28,,,,,,,,
,,,,,,,,, , , , , , , ,,0.28,,,,,,,,
,,,,,,,,, , , , , , , ,,0.28,,,,,,,,
,,,,,,,,, , , , , , , ,,0.28,,,,,,,,
,,,,,,,,, , , , , , , ,,0.28,,,,,,,,
,,,,,,,,, , , , , , , ,,0.28,,,,,,,,
,,,,,,,,, , , , , , , ,,0.28,,,,,,,,
,,,,,,,,, , , , , , , ,,0.28,,,,,,,,
,,,,,,,,, , , , , , , ,,0.28,,,,,,,,
,,,,,,,,, , , , , , , ,,0.28,,,,,,,,
,,,,,,,,, , , , , , , ,,0.28,,,,,,,,
,,,,,,,,, , , , , , , ,,0.28,,,,,,,,
,,,,,,,,, , , , , , , ,,0.28,,,,,,,,
,,,,,,,,, , , , , , , ,,0.28,,,,,,,,
,,,,,,,,, , , , , , , ,,0.28,,,,,,,,
,,,,,,,,, , , , , , , ,,0.28,,,,,,,,
,,,,,,,,, , , , , , , ,,0.28,,,,,,,,
,,,,,,,,, , , , , , , ,,0.28,,,,,,,,
,,,,,,,,, , , , , , , ,,0.28,,,,,,,,
,,,,,,,,, , , , , , , ,,0.28,,,,,,,,
,,,,,,,,, , , , , , , ,,0.28,,,,,,,,
,,,,,,,,, , , , , , , ,,0.28,,,,,,,,
,,,,,,,,, , , , , , , ,,0.28,,,,,,,,
,,,,,,,,, , , , , , , ,,0.28,,,,,,,,
,,,,,,,,, , , , , , , ,,0.28,,,,,,,,
,,,,,,,,, , , , , , , ,,0.28,,,,,,,,
,,,,,,,,, , , , , , , ,,0.28,,,,,,,,
,,,,,,,,, , , , , , , ,,0.28,,,,,,,,
,,,,,,,,, , , , , , , ,,0.28,,,,,,,,
,,,,,,,,, , , , , , , ,,0.28,,,,,,,,
,,,,,,,,, , , , , , , ,,0.28,,,,,,,,
,,,,,,,,, , , , , , , ,,0.28,,,,,,,,
,,,,,,,,, , , , , , , ,,0.28,,,,,,,,
,,,,,,,,, , , , , , , ,,0.28,,,,,,,,
,,,,,,,,, , , , , , , ,,0.28,,,,,,,,
,,,,,,,,, , , , , , , ,,0.28,,,,,,,,
,,,,,,,,, , , , , , , ,,0.28,,,,,,,,
,,,,,,,,, , , , , , , ,,0.28,,,,,,,,
,,,,,,,,, , , , , , , ,,0.28,,,,,,,,
,,,,,,,,, , , , , , , ,,0.28,,,,,,,,
,,,,,,,,, , , , , , , ,,0.28,,,,,,,,
,,,,,,,,, , , , , , , ,,0.28,,,,,,,,
,,,,,,,,, , , , , , , ,,0.28,,,,,,,,
,,,,,,,,, , , , , , , ,,0.28,,,,,,,,
,,,,,,,,, , , , , , , ,,0.28,,,,,,,,
,,,,,,,,, , , , , , , ,,0.28,,,,,,,,
,,,,,,,,, , , , , , , ,,0.28,,,,,,,,
,,,,,,,,, , , , , , , ,,0.28,,,,,,,,
,,,,,,,,, , , , , , , ,,0.28,,,,,,,,
,,,,,,,,, , , , , , , ,,0.28,,,,,,,,
,,,,,,,,, , , , , , , ,,0.28,,,,,,,,
,,,,,,,,, , , , , , , ,,0.28,,,,,,,,
,,,,,,,,, , , , , , , ,,0.28,,,,,,,,
,,,,,,,,, , , , , , , ,,0.28,,,,,,,,
,,,,,,,,, , , , , , , ,,0.28,,,,,,,,
,,,,,,,,, , , , , , , ,,0.28,,,,,,,,
,,,,,,,,, , , , , , , ,,0.28,,,,,,,,
,,,,,,,,, , , , , , , ,,0.28,,,,,,,,
,,,,,,,,, , , , , , , ,,0.28,,,,,,,,
,,,,,,,,, , , , , , , ,,0.28,,,,,,,,
,,,,,,,,, , , , , , , ,,0.28,,,,,,,,
,,,,,,,,, , , , , , , ,,0.28,,,,,,,,
,,,,,,,,, , , , , , , ,,0.28,,,,,,,,
,,,,,,,,, , , , , , , ,,0.28,,,,,,,,
,,,,,,,,, , , , , , , ,,0.28,,,,,,,,
,,,,,,,,, , , , , , , ,,0.28,,,,,,,,
,,,,,,,,, , , , , , , ,,0.28,,,,,,,,
,,,,,,,,, , , , , , , ,,0.28,,,,,,,,
,,,,,,,,, , , , , , , ,,0.28,,,,,,,,
,,,,,,,,, , , , , , , ,,0.28,,,,,,,,
,,,,,,,,, , , , , , , ,,0.28,,,,,,,,
,,,,,,,,, , , , , , , ,,0.28,,,,,,,,
,,,,,,,,, , , , , , , ,,0.28,,,,,,,,
,,,,,,,,, , , , , , , ,,0.28,,,,,,,,
,,,,,,,,, , , , , , , ,,0.28,,,,,,,,
,,,,,,,,, , , , , , , ,,0.28,,,,,,,,
,,,,,,,,, , , , , , , ,,0.28,,,,,,,,
,,,,,,,,, , , , , , , ,,0.28,,,,,,,,
,,,,,,,,, , , , , , , ,,0.28,,,,,,,,
,,,,,,,,, , , , , , , ,,0.28,,,,,,,,
,,,,,,,,, , , , , , , ,,0.28,,,,,,,,
,,,,,,,,, , , , , , , ,,0.28,,,,,,,,
,,,,,,,,, , , , , , , ,,0.28,,,,,,,,
,,,,,,,,, , , , , , , ,,0.28,,,,,,,,
,,,,,,,,, , , , , , , ,,0.28,,,,,,,,
,,,,,,,,, , , , , , , ,,0.28,,,,,,,,
,,,,,,,,, , , , , , , ,,0.28,,,,,,,,
,,,,,,,,, , , , , , , ,,0.28,,,,,,,,
,,,,,,,,, , , , , , , ,,0.28,,,,,,,,
,,,,,,,,, , , , , , , ,,0.28,,,,,,,,
,,,,,,,,, , , , , , , ,,0.28,,,,,,,,
,,,,,,,,, , , , , , , ,,0.28,,,,,,,,
,,,,,,,,, , , , , , , ,,0.28,,,,,,,,
,,,,,,,,, , , , , , , ,,0.28,,,,,,,,
,,,,,,,,, , , , , , , ,,0.28,,,,,,,,
,,,,,,,,, , , , , , , ,,0.28,,,,,,,,
,,,,,,,,, , , , , , , ,,0.28,,,,,,,,
,,,,,,,,, , , , , , , ,,0.28,,,,,,,,
,,,,,,,,, , , , , , , ,,0.28,,,,,,,,
,,,,,,,,, , , , , , , ,,0.28,,,,,,,,
,,,,,,,,, , , , , , , ,,0.28,,,,,,,,
,,,,,,,,, , , , , , , ,,0.28,,,,,,,,
,,,,,,,,, , , , , , , ,,0.28,,,,,,,,
,,,,,,,,, , , , , , , ,,0.28,,,,,,,,
,,,,,,,,, , , , , , , ,,0.28,,,,,,,,
,,,,,,,,, , , , , , , ,,0.28,,,,,,,,
,,,,,,,,, , , , , , , ,,0.28,,,,,,,,
,,,,,,,,, , , , , , , ,,0.28,,,,,,,,
,,,,,,,,, , , , , , , ,,0.28,,,,,,,,
,,,,,,,,, , , , , , , ,,0.28,,,,,,,,
,,,,,,,,, , , , , , , ,,0.28,,,,,,,,
,,,,,,,,, , , , , , , ,,0.28,,,,,,,,
,,,,,,,,, , , , , , , ,,0.28,,,,,,,,
,,,,,,,,, , , , , , , ,,0.28,,,,,,,,
,,,,,,,,, , , , , , , ,,0.28,,,,,,,,
,,,,,,,,, , , , , , , ,,0.28,,,,,,,,
,,,,,,,,, , , , , , , ,,0.28,,,,,,,,
,,,,,,,,, , , , , , , ,,0.28,,,,,,,,
,,,,,,,,, , , , , , , ,,0.28,,,,,,,,
,,,,,,,,, , , , , , , ,,0.28,,,,,,,,
,,,,,,,,, , , , , , , ,,0.28,,,,,,,,
,,,,,,,,, , , , , , , ,,0.28,,,,,,,,
,,,,,,,,, , , , , , , ,,0.28,,,,,,,,
,,,,,,,,, , , , , , , ,,0.28,,,,,,,,
,,,,,,,,, , , , , , , ,,0.28,,,,,,,,
,,,,,,,,, , , , , , , ,,0.28,,,,,,,,
,,,,,,,,, , , , , , , ,,0.28,,,,,,,,
,,,,,,,,, , , , , , , ,,0.28,,,,,,,,
,,,,,,,,, , , , , , , ,,0.28,,,,,,,,
,,,,,,,,, , , , , , , ,,0.28,,,,,,,,
,,,,,,,,, , , , , , , ,,0.28,,,,,,,,
,,,,,,,,, , , , , , , ,,0.28,,,,,,,,
,,,,,,,,, , , , , , , ,,0.28,,,,,,,,
,,,,,,,,, , , , , , , ,,0.28,,,,,,,,
,,,,,,,,, , , , , , , ,,0.28,,,,,,,,
,,,,,,,,, , , , , , , ,,0.28,,,,,,,,
,,,,,,,,, , , , , , , ,,0.28,,,,,,,,
,,,,,,,,, , , , , , , ,,0.28,,,,,,,,
,,,,,,,,, , , , , , , ,,0.28,,,,,,,,
,,,,,,,,, , , , , , , ,,0.28,,,,,,,,
,,,,,,,,, , , , , , , ,,0.28,,,,,,,,
,,,,,,,,, , , , , , , ,,0.28,,,,,,,,
,,,,,,,,, , , , , , , ,,0.28,,,,,,,,
,,,,,,,,, , , , , , , ,,0.28,,,,,,,,
,,,,,,,,, , , , , , , ,,0.28,,,,,,,,
,,,,,,,,, , , , , , , ,,0.28,,,,,,,,
,,,,,,,,, , , , , , , ,,0.28,,,,,,,,
,,,,,,,,, , , , , , , ,,0.28,,,,,,,,
,,,,,,,,, , , , , , , ,,0.28,,,,,,,,
,,,,,,,,, , , , , , , ,,0.28,,,,,,,,
,,,,,,,,, , , , , , , ,,0.28,,,,,,,,
,,,,,,,,, , , , , , , ,,0.28,,,,,,,,
,,,,,,,,, , , , , , , ,,0.28,,,,,,,,
,,,,,,,,, , , , , , , ,,0.28,,,,,,,,
,,,,,,,,, , , , , , , ,,0.28,,,,,,,,
,,,,,,,,, , , , , , , ,,0.28,,,,,,,,
,,,,,,,,, , , , , , , ,,0.28,,,,,,,,
,,,,,,,,, , , , , , , ,,0.28,,,,,,,,
,,,,,,,,, , , , , , , ,,0.28,,,,,,,,
,,,,,,,,, , , , , , , ,,0.28,,,,,,,,
,,,,,,,,, , , , , , , ,,0.28,,,,,,,,
,,,,,,,,, , , , , , , ,,0.28,,,,,,,,
,,,,,,,,, , , , , , , ,,0.28,,,,,,,,
,,,,,,,,, , , , , , , ,,0.28,,,,,,,,
,,,,,,,,, , , , , , , ,,0.28,,,,,,,,
,,,,,,,,, , , , , , , ,,0.28,,,,,,,,
,,,,,,,,, , , , , , , ,,0.28,,,,,,,,
,,,,,,,,, , , , , , , ,,0.28,,,,,,,,
,,,,,,,,, , , , , , , ,,0.28,,,,,,,,
,,,,,,,,, , , , , , , ,,0.28,,,,,,,,
,,,,,,,,, , , , , , , ,,0.28,,,,,,,,
,,,,,,,,, , , , , , , ,,0.28,,,,,,,,
,,,,,,,,, , , , , , , ,,0.28,,,,,,,,
,,,,,,,,, , , , , , , ,,0.28,,,,,,,,
,,,,,,,,, , , , , , , ,,0.28,,,,,,,,
,,,,,,,,, , , , , , , ,,0.28,,,,,,,,
,,,,,,,,, , , , , , , ,,0.28,,,,,,,,
,,,,,,,,, , , , , , , ,,0.28,,,,,,,,
,,,,,,,,, , , , , , , ,,0.28,,,,,,,,
,,,,,,,,, , , , , , , ,,0.28,,,,,,,,
,,,,,,,,, , , , , , , ,,0.28,,,,,,,,
,,,,,,,,, , , , , , , ,,0.28,,,,,,,,
,,,,,,,,, , , , , , , ,,0.28,,,,,,,,
,,,,,,,,, , , , , , , ,,0.28,,,,,,,,
,,,,,,,,, , , , , , , ,,0.28,,,,,,,,
,,,,,,,,, , , , , , , ,,0.28,,,,,,,,
,,,,,,,,, , , , , , , ,,0.28,,,,,,,,
,,,,,,,,, , , , , , , ,,0.28,,,,,,,,
,,,,,,,,, , , , , , , ,,0.28,,,,,,,,
,,,,,,,,, , , , , , , ,,0.28,,,,,,,,
,,,,,,,,, , , , , , , ,,0.28,,,,,,,,
,,,,,,,,, , , , , , , ,,0.28,,,,,,,,
,,,,,,,,, , , , , , , ,,0.28,,,,,,,,
,,,,,,,,, , , , , , , ,,0.28,,,,,,,,
,,,,,,,,, , , , , , , ,,0.28,,,,,,,,
,,,,,,,,, , , , , , , ,,0.28,,,,,,,,
,,,,,,,,, , , , , , , ,,0.28,,,,,,,,
,,,,,,,,, , , , , , , ,,0.28,,,,,,,,
,,,,,,,,, , , , , , , ,,0.28,,,,,,,,
,,,,,,,,, , , , , , , ,,0.28,,,,,,,,
,,,,,,,,, , , , , , , ,,0.28,,,,,,,,
,,,,,,,,, , , , , , , ,,0.28,,,,,,,,
,,,,,,,,, , , , , , , ,,0.28,,,,,,,,
,,,,,,,,, , , , , , , ,,0.28,,,,,,,,
,,,,,,,,, , , , , , , ,,0.28,,,,,,,,